id,name,origin_country
5,Columbia Pictures,US
84041,Pascal Pictures,US
53462,Matt Tolmach Productions,US
91797,Hutch Parker Entertainment,US
14439,Arad Productions,US
2,Walt Disney Pictures,US
6125,Walt Disney Animation Studios,US
158526,Walt Disney Animation Studios,CA
180839,Lyrical Media,US
165538,Fuller Media,US
146553,Inspire Entertainment,US
242398,Grinder Monkey,
242399,John Glenn Entertainment,
175140,Electromagnetic Productions,US
80292,Sculptor Media,US
220749,north.five.six,US
7417,Convergence Entertainment,US
20312,TPC,US
121204,BondIt Media Capital,US
3604,Grindstone Entertainment Group,US
2785,Warner Bros. Animation,US
9993,DC Entertainment,US
4,Paramount Pictures,US
81242,Great Pacific Media,CA
78028,Thunderbird Entertainment,CA
79650,Zagtoon,FR
35136,Method Animation,FR
221347,Scott Free Productions,US
246486,Lucy Fisher/Douglas Wick Productions,US
521,DreamWorks Animation,US
33,Universal Pictures,US
2527,Marc Platt Productions,US
73669,Seven Bucks Productions,US
92693,The Detective Agency,US
25998,Chris Morgan Productions,US
21,Metro-Goldwyn-Mayer,US
10163,Working Title Films,GB
233939,Blacksmith,FR
12292,Temple Hill Entertainment,US
231315,Bad Feeling,US
238902,Cineverse,US
15157,Bloody Disgusting,US
84591,Dark Age Cinema,US
114220,Fuzz on the Lens Productions,US
213025,The Coven,US
127928,20th Century Studios,US
401,Brandywine Productions,US
11068,Nostromo Pictures,ES
420,Marvel Studios,US
104228,Maximum Effort,US
2575,21 Laps Entertainment,US
176762,Kevin Feige Productions,US
22213,TSG Entertainment,US
130688,Friday Storytellers,
2883,Aniplex,JP
13113,A-1 Pictures,JP
121605,Locksmith Animation,GB
31922,DNEG,GB
37749,Farpoint Films,CA
11877,Middle Child Films Inc.,CA
3,Pixar,US
24955,Paramount Animation,US
435,di Bonaventura Pictures,US
38831,DeSanto/Murphy Productions,US
6734,Bay Films,US
114732,New Republic Pictures,US
207846,Hasbro Entertainment,US
134188,Inoxy Films,FR
3040,Versus Production,BE
6704,Illumination,US
42,Universal Pictures Corporation,
243656,My Production to prove,
7062,Dynamo,CO
109416,Mahal Empire,
178908,Cheyenne Federation,FR
208281,Amazon Studios France,FR
100121,Film Bridge International,US
52352,Great Point Media,GB
159674,Filmology Finance,AU
82819,Skydance Media,US
115416,Skydance Animation,US
179999,Skydance Animation,ES
32485,Pokeepsie Films,ES
20580,Amazon Studios,US
244150,Farrelly Brothers,
244151,Kraymation Films,US
174,Warner Bros. Pictures,US
171,Malpaso Productions,US
225128,Dichotomy Films,US
76991,Highland Film Group,US
159010,Redline Entertainment,US
129815,Wild Atlantic Pictures,IE
125584,Aperture Media Partners,US
831,Saturn Films,US
58668,M.E.S. Productions,FR
8906,Monkey Pack Films,FR
91532,C8 Films,FR
694,StudioCanal,FR
58726,Borsalino Productions,FR
83399,WAG Prod,FR
146052,Fasten Films,ES
6896,EuropaCorp,FR
171714,Taipei Film Commission,TW
18626,Kinology,FR
34081,Flynn Picture Company,US
184518,C2 Motion Picture Group,US
6144,Homeless Bob Production,EE
232289,Traffic.,US
6705,Film4 Productions,GB
92346,SunnyMarch,GB
28473,Shoebox Films,GB
113521,StudioCanal,GB
7505,Marvel Entertainment,US
81620,Tencent Pictures,CN
11564,Versus Entertainment,ES
209187,LyO Media,
11652,Warner Bros. Entertainment España,ES
37209,4 Cats Pictures,ES
1020,Millennium Media,US
48738,Campbell Grobman Films,US
12142,XYZ Films,US
20339,Chapter 2,FR
188578,Fargo Films,FR
7981,Pathé,FR
1115,M6 Films,FR
25885,Green Dog Films,US
104677,Reigning Entertainment,US
238784,Orlan Films,
238785,Ágora Films,CO
65465,Cyfuno Ventures,
99214,Outlaw Films,
2073,KADOKAWA,JP
3464,Madhouse,JP
156047,Bit grooove promotion,JP
122771,Westbrook,US
10288,Don Simpson/Jerry Bruckheimer Films,US
84792,2.0 Entertainment,US
23,Imagine Entertainment,US
142395,LUNI Productions,DE
342,Davis Films,FR
6455,Pressman Film,US
51526,Hassell Free Production,US
67260,The Electric Shadow Company,GB
104363,30WEST,US
189103,Ashland Hill Media Finance,US
7493,FilmNation Entertainment,US
112609,Maze Pictures,DE
25838,Occupant Entertainment,DE
222873,Transparency Media,
117761,Streamline Global,US
333,Original Film,US
77884,Marza Animation Planet,JP
113750,SEGA,JP
10644,Blur Studio,US
153335,Dream Well Studio,LV
12433,Sacrebleu Productions,FR
101516,Take Five,BE
94,ARTE France Cinéma,FR
792,RTBF,BE
180651,Dr. Seuss Enterprises,US
5556,Universal Animation Studios,US
136126,Phase 4 Productions,FR
128894,Place du Marché Productions,FR
19037,uMedia,BE
220284,Star Invest Films Production,
122175,Région Grand Est,
11620,OCS,FR
22127,uFund,BE
7131,France Télévisions,FR
108265,Palatine Étoile 8,
200810,SG Image 2021,
220265,Conseil Département Du Loir-Et-Cher,FR
310,CNC,FR
22784,WTFilms,FR
25,20th Century Fox,US
477,Hughes Entertainment,US
198702,Kelas Bintang,
12,New Line Cinema,US
169947,Sola Entertainment,JP
194237,Middle-earth Enterprises,US
11,WingNut Films,NZ
10422,Blue Artichoke Films,
208629,Nuclear Tangerine,
210099,Amazon MGM Studios,US
3160,Brookstreet Pictures,US
120766,Sugar23,US
123659,KD Studios,RU
69125,Mythri Movie Makers,IN
93335,Sukumar Writings,IN
520,Pacific Data Images,US
63520,Sony Pictures International Productions,US
74139,EFICINE 189,MX
41077,A24,US
133303,Beck/Woods,US
168415,Shiny Penny Productions,US
150758,CatchLight Studios,US
1632,Lionsgate,US
221429,Media Capital Technologies,US
52270,Basque Films,ES
49235,Sardinha em Lata,PT
10050,TVG,ES
156679,Midralgar,FR
243749,Caretos Film,ES
133024,Oddball Entertainment,US
89254,Jason T. Reed Productions,US
83036,Joint Effort,US
216687,Domain Entertainment,US
112612,Esperanto Filmoj,GB
4152,Titmouse,US
238864,Maere Studios,US
241784,Disney Branded Television,US
360,Geffen Pictures,US
81,Plan B Entertainment,US
8601,Tim Burton Productions,US
228708,Tommy Harper Productions,US
28382,Kennedy Miller Mitchell,AU
2251,Sony Pictures Animation,US
77973,Lord Miller,US
923,Legendary Pictures,US
9996,Syncopy,GB
13769,Lynda Obst Productions,US
437,Heyday Films,GB
436,1492 Pictures,US
2365,Capital Arts Entertainment,US
242999,Good Entertainment,US
1088,Alcon Entertainment,US
144610,Wayfarer Studios,US
129773,One Cool Group,HK
11341,Stage 6 Films,US
229807,Andrews McMeel Entertainment,US
178792,John Cohen Productions,US
194532,Electric Motion Pictures,
202567,Pitchipoï Productions,FR
20664,Anton Capital Entertainment,GB
23514,Sentient Entertainment,US
138946,Brickell & Broadbridge International,US
198301,Off The Pier Productions,US
1225,One Race,US
34530,Perfect Storm Entertainment,US
194285,Saks Picture Company,US
1645,Scott Free Productions,GB
14440,Red Wagon Entertainment,US
21904,Mill Film,GB
7,DreamWorks Pictures,US
2801,Film i Väst,SE
116669,Flamboyance Films,
2345,Lemming Film,NL
8483,Plattform Produktion,SE
2999,SVT,SE
92840,Logical Pictures,FR
77697,Grand Slam Film Production,SE
6181,SF Studios,SE
2598,Hasbro,US
123244,Picturestart,US
158612,Gearbox Studios,US
181160,2K,US
147591,Hercules Film Fund,LU
1311,The Asylum,US
215195,Gelt Films,
729,Why Not Productions,FR
83,France 2 Cinéma,FR
11779,Page 114,FR
237344,Saint Laurent Productions,FR
139680,Saint Laurent,FR
171148,Library Pictures International,US
209127,Logical Content Ventures,FR
1926,Les Films du Fleuve,BE
200642,The Veterans,US
20848,Rough House Pictures,US
2932,Red Hour,US
156327,Rivulet Media,US
179831,Capstone Studios,US
106754,Hammerstone Studios,US
122323,Raimi Productions,US
113069,Ekipa,PL
133440,Open Mind Production,PL
9350,Indian Paintbrush,US
112783,House Productions,GB
56,Amblin Entertainment,US
110321,M.M.D. Rome,
2849,BONES,JP
882,TOHO,JP
5322,Aloe Entertainment,US
243770,Luna Films,
199728,Ludascripts,US
233099,Peachtree Media Partners,US
10280,Arc Productions,
117747,Media Finance Capital,GB
246708,LONY Productions,
223220,FitzHenry Films,US
246709,Dorman Films,
173584,FilmSharks International,AR
240538,Urban Achievers,PY
8921,United Plankton Pictures,US
4859,Nickelodeon Animation Studio,US
121194,Workerbee,GB
43252,Jackpot Productions,GB
147142,Blaad Studios,KR
128404,CJ ENM,KR
199265,CJ ENM Studios,KR
7036,CJ Entertainment,KR
82968,LuckyChap Entertainment,US
181486,NB/GG Pictures,US
6220,Mattel,US
10146,Focus Features,US
11370,Michael De Luca Productions,US
7626,Trigger Street Productions,US
138594,Frontier Pictures,ID
10211,Alfran Productions,US
79,Village Roadshow Pictures,US
214904,The Roald Dahl Story Company,GB
239439,At Last Productions,US
142849,OBB Pictures,US
131925,Island,
3528,Thunder Road,US
23008,87Eleven,US
264,Studio Babelsberg,DE
30294,8bit,JP
42141,DreamWorks Animation Television,US
106988,Mel Hoppenheim School of Cinema,CA
110723,Nickel City Pictures,US
106029,Novo Media Group,
241875,Pasttime Pictures,US
10221,Walden Media,US
79503,C.S. Lewis Company,GB
67694,Scena Group,
5128,San Francisco Film,IT
240713,Anonymous Content Nordic,NO
13318,Récifilms,FR
15433,Orange Studio,FR
112425,Perfect Storm Film,KR
235330,Channel Plus,KR
1757,Mad Chance,US
120915,Brolin Productions,US
107244,Estuary Films,US
188570,The Barnum Picture Company,US
116018,Green Light Pictures,US
142122,Lucky 13 Productions,US
7576,EON Productions,GB
10761,Danjaq,US
41053,Casino Royale Productions,US
955,Nikkatsu Corporation,JP
29312,Sunday Night Productions,US
2481,Platinum Dunes,US
168701,SEGA of America,US
211864,HalleHolly,US
110799,AGC Studios,US
185986,Meridian Pictures,US
160007,Orogen Entertainment,US
228706,Black Mandala Films,
239608,Wild Duck Productions,
19092,P of A Productions Limited,
88152,Cre Film,US
574,Lightstorm Entertainment,US
3172,Blumhouse Productions,US
1885,Silver Pictures,US
507,Atlas Entertainment,US
15123,Breakheart Films,US
239215,Peters Creek Entertainment,US
12288,Nintendo,JP
462,Patalex IV Productions Limited,
97,Castle Rock Entertainment,US
284,DNA Films,GB
142269,IPR.VC,FI
67412,Movistar+,ES
29566,Atresmedia,ES
115983,China Film Animation,CN
222691,Guardián de Dragones AIE,
202198,Telefonica,
14,Miramax,US
118475,Cedar Park Entertainment,US
218150,Punch Palace Productions,GB
130,Jerry Bruckheimer Films,US
22146,Black Bear Pictures,US
2900,Toff Guy Films,GB
429,DC,US
118865,Isobel Griffiths,GB
59,A Band Apart,US
216,Jersey Films,US
79175,SAMG Animation,KR
103374,The Walt Disney Company EMEA,GB
20498,Télé-Québec,CA
22123,TF1,FR
118295,Gloob,BR
200505,Norman Studio,FR
113634,Library Films,US
5237,The Saul Zaentz Company,US
4286,Juno Pix,US
65393,Cecchi Gori Pictures,US
2348,Nickelodeon Movies,US
236197,Ghost Box Productions,
125401,BuzzFeed Studios,US
139492,CR8IV DNA,CA
52366,Jump Film and Television,NZ
186741,MBK Productions,GB
294,New Zealand Film Commission,NZ
100125,Mister Smith Entertainment,GB
212408,Brouhaha Entertainment,AU
3753,Kismet Film Company,
41096,Lonetree Entertainment,US
1423,Escape Artists,US
34034,LStar Capital,US
2767,Mace Neufeld Productions,US
155744,Jagged Edge Productions,GB
69347,ITN Distribution,GB
35625,Premiere Entertainment Group,US
62894,Entertaining Power,HK
69437,One Cool Pictures,HK
5686,Sil-Metropole Organisation,HK
214726,HG Entertainment,CN
197030,Tao Piao Piao,CN
5552,Media Asia,HK
131587,Lian Ray Pictures,CN
175813,Flic Films,GB
11395,ImageMovers,US
32624,Dacar Produções Cinematográficas,BR
7662,Epic Pictures Group,US
25481,Cinematic Productions,
247689,Bard Tales Productions,
87096,Polar Bear Films,BE
26389,Family Affair Films,NL
104097,Kwassa Films,BE
91921,Suzanne Todd Productions,US
233782,Potato Monkey Productions,US
146807,GWave Productions,US
805,Serendipity Point Films,CA
47729,STXfilms,US
183234,Dogbone Entertainment,US
89171,Endurance Media,US
175316,K. JAM Media,US
3527,Green Hat Films,US
215994,Zam Pictures,US
85465,Oddfellows Entertainment,CA
167684,Range Media Partners,US
149142,Vivamax,PH
552,Dark Horse Entertainment,US
823,Telepool,DE
172977,ACE Entertainment,US
94370,Mompracem,IT
123289,Astorina S.A.C.,
155990,RAI Cinema,IT
74708,Melmoth Films,
33616,Sprout Pictures,GB
74709,D’Arblay Films,
74710,Dorado Media and Capital,
144803,Align,US
164414,Space Age Films,
158615,Toonz Media Group,IN
150709,GFM Animation,GB
76742,L'Atelier Animation,CA
219302,The Happy Producers,CA
5505,Fulwell 73 Productions,GB
7297,Fairview Entertainment,US
70,American Zoetrope,US
236562,Caesar Film,US
96540,Paramount Players,US
290,Ingenious Media,GB
3672,The Gotham Group,US
8569,Dayday Films,GB
182161,TOHO Studios,JP
12386,Robot Communications,JP
21777,TC Productions,US
43928,"Cameron Entertainment Co., Ltd.",
77776,Mega-Vision Productions Limited,
11029,QED International,US
47169,Le Grisbi Productions,US
16312,Crave Films,US
171656,Walt Disney Feature Animation,US
308,The Weinstein Company,US
5517,100 Bares,AR
169906,Spooky Pictures,US
13240,Bron Studios,CA
128064,DC Films,US
31075,Lion Pictures,IT
184844,Iervolino & Lady Bacardi Entertainment,IT
23283,Rodin Entertainment,US
8000,Broken Road Productions,US
173612,Welle Entertainment,US
176196,Somewhere Pictures,US
111265,I'll Have Another,US
112037,Semi-Formal Productions,US
101082,Double Dare You,US
1867,Golden Mean,
4171,Playtone,US
2265,Shangri-La Entertainment,US
20154,Mad Hatter Entertainment,US
101405,6th & Idaho Motion Picture Company,US
119245,Dylan Clark Productions,US
81437,Polivideo,
53597,Sky Italia,IT
215214,Karya Bintang Bersama,
1976,filmscience,US
125043,Bonneville Pictures,US
94521,Warner Bros. International Television Production Sweden,SE
128107,Red Orm Productions Inc.,US
52256,Thor Pictures,
125231,Wonder Street,US
9195,Touchstone Pictures,US
8835,Skellington Productions,US
125869,Failsafe Films,IE
711,Fox 2000 Pictures,US
508,Regency Enterprises,US
4700,The Linson Company,US
20555,Taurus Film,DE
12987,Filmmaker R&K,KR
123880,Kongkiat Production,
179998,Skydance Animation East,US
19551,Marvel Enterprises,US
326,Laura Ziskin Productions,US
444,Dune Entertainment,US
10400,Eagle Pictures,IT
44967,ZHIV Productions,US
214539,Perfect World Pictures,US
142877,Shudder,US
166352,Hangar 18 Media,
39576,The Line Film Company,
89115,Divide / Conquer,US
146149,PurpleDOG,
25884,Raven Banner Entertainment,CA
54927,Mission Pictures International,
79287,Advantage Entertainment,ZA
157314,Pinnacle Peak Pictures,US
225226,Nthibah Pictures,US
181190,Cygames,JP
39181,CygamesPictures,JP
1701,Dania Film,IT
15868,Medusa Distribuzione,IT
32208,Imp.Ex.Ci.,FR
1639,Les Films Jacques Leitienne,FR
56242,Apelles Entertainment,US
92484,CMC Pictures,CN
208094,Onaroll Productions,
65442,DF Pictures,CN
2700,Rectangle Productions,FR
193357,Chantelouve,FR
211595,Goodfellas,FR
5905,Tsuburaya Productions,JP
178464,Netflix,US
136998,Studio Durian,JP
55938,avex pictures,JP
2918,Shueisha,JP
205539,Keeper Pictures,IE
212771,Nowhere,US
226216,Why Are You Acting? Productions,US
46344,Frenesy Film,IT
423,Phantom Four,US
125000,Lit Entertainment Group,US
122077,Roberts Media,US
152809,Double Dream,US
170335,The Disco Factory,US
74795,Nu Boyana Film Studios,BG
126013,Templeton Media,US
1782,Smoke House Pictures,US
194232,Apple Studios,US
6877,Grive Productions,FR
133824,Taken 2,US
11261,M6,FR
104,Canal+,FR
10611,Ciné+,FR
30619,Karma Film Prod,TR
57043,Bud Yorkin Productions,US
79529,Torridon Films,US
101829,16:14 Entertainment,US
10104,New Regency Pictures,US
8147,Entertainment One,CA
206867,Bad Dreams Productions,US
56341,Juggernaut Productions,
153351,Dread,US
431,The Donners' Company,US
28788,Genre Films,US
3756,CoMix Wave Films,JP
8157,jeki,JP
14602,AMUSE,JP
128617,voque ting,JP
104184,Lawson Entertainment,JP
64216,Brad Krevoy Television,US
2090,Motion Picture Corporation of America,US
20068,Hideaway Pictures,CA
210435,KM Windmill Love Productions,CA
235303,EOTA,JP
120469,Twin Engine,JP
34725,Moho Film,KR
126933,Semicolon Studio,KR
11565,The Safran Company,US
76907,Atomic Monster,US
7699,Palomar,IT
121589,CloverWorks,JP
2185,National Cinematografica,IT
11084,Parkes/MacDonald Productions,US
367,Kemp Company,
368,Splendid Pictures,
10159,nWave Pictures,BE
146118,Octopolis,FR
33916,A Contracorriente Films,ES
114152,The Stone Quarry,US
103376,Access Entertainment,US
7291,Olive Bridge Entertainment,US
105052,Roth-Kirschenbaum Films,US
124283,SK Global Entertainment,US
38833,Ian Bryce Productions,
1302,Davis Entertainment,US
4696,Same Player,FR
46135,The Ink Connection,FR
172911,Two suns production,
2287,Unity Productions,
6678,Unity Pictures,
220755,Let Me Be,FR
10427,Open Road Films,US
10039,Anonymous Content,US
221176,"Black Cap Pictures, Inc.",
130448,Project X Entertainment,US
126588,Radio Silence Productions,US
143790,Spyglass Media Group,US
19936,Second Mate Productions,US
19367,Vinson Films,US
6148,Cinema 23 Film,
6149,Monarex,
6150,Petra Cinematografica,
6151,Seven Star Film,
3475,Disney Television Animation,US
372,Groucho II Film Partnership,
40268,HartBeat Productions,US
110691,Mojang Studios,SE
829,Vertigo Entertainment,US
159602,On the Roam,US
25297,FLX,SE
19177,Red Granite Pictures,US
562,Appian Way,US
23243,Sikelia Productions,US
14654,EMJAG Productions,US
11537,Laika,US
8915,Pandemonium,US
155450,Pandemonium,
396,SLM Production Group,US
12252,Chartoff-Winkler Productions,US
148495,Proximity Media,US
102334,Outlier Society,US
57751,Patalex Productions,GB
1515,Will Vinton Studios,US
22486,Sikhya Entertainment,IN
19146,Dharma Productions,IN
4399,Barunson E&A,KR
356,TF1 Films Production,FR
491,Summit Entertainment,US
18697,Work in Progress,RS
175822,Fetish Film,RU
72425,Skyprod,GP
175825,Ondamax Films,US
12199,Madhouse Entertainment,US
36434,Ocean Blue Entertainment,US
10246,Cross Creek Pictures,US
455,Permut Presentations,US
50481,Vendian Entertainment,US
92455,Argent Pictures,US
7437,IM Global,US
51860,AI Film,GB
8186,Bliss Media,CN
94431,Kylin Pictures,CN
234199,Cosmos Filmed Entertainment,AU
1073,Gordon Company,US
195851,HP Christmas Chance Productions,
26402,Little Stranger,US
1756,Broadway Video,US
113380,Lammas Park,GB
41624,RatPac Entertainment,US
57409,22nd & Indiana Pictures,US
146106,Django Film,JP
3112,Rodeo Drive,IT
179357,Erre Cinematografica,IT
245757,Divergent Films,
129814,CLAP,JP
9148,Pony Canyon,JP
9149,Shogakukan,JP
4719,Sotsu,JP
91520,STUDIO MAUSU,JP
7549,Kansai Television,JP
139657,Monkey Kingdom (GB),
1502,NBC,US
20478,Moving Picture Company,GB
118,Det Danske Filminstitut,DK
2302,Svenska Filminstitutet,SE
5403,Nordisk Film & TV Fond,NO
119,DR,DK
235,Nordisk Film Denmark,DK
214633,ImageMovers Digital,US
169668,Municipal Pictures,US
8537,Closest to the Hole Productions,US
8536,Leverage Entertainment,US
107107,CalMaple Films,US
107108,Wattpad,CA
2378,Offspring Entertainment,US
103330,Diamond Film Productions,US
6626,Voltage Pictures,US
140519,Frayed Pages Entertainment,
43853,Ay Yapım,TR
2609,De Line Pictures,US
222910,Seaside Film Taken,US
6586,TPS Star,FR
23614,All Pictures Media,US
12236,Blinding Edge Pictures,US
1,Lucasfilm Ltd.,US
1865,The Zanuck/Brown Company,US
2531,MRC,US
19638,Altitude Film Entertainment,GB
177401,Hyprr Films,GB
215092,Sarma Films,GB
218231,Dimension Studio,GB
131223,Future Pictures,AU
195800,Good Fiend Films,US
191328,Image Nation Abu Dhabi,AE
204763,VicScreen,AU
17021,Lucamar Productions,US
125281,PlayStation Productions,US
142310,These Pictures,US
27711,Berlanti Productions,US
122178,BOOM! Studios,US
6834,Out of Africa Entertainment,ZA
57743,Free Association,US
175566,This Is Important,US
226970,Bold Choices,US
106996,Studio & New,KR
68554,Trident Films,
179870,Death Row Pictures,US
99639,Sumatra Films,US
15037,Albertine Productions,FR
89094,M.G. Films,
18609,BoulderLight Pictures,US
156791,Who's On First,
168539,FirstGen Content,US
536,The Coppola Company,US
118358,Caper Film,KR
127929,Searchlight Pictures,US
3353,Element Pictures,IE
72597,Limp,GB
138287,Fruit Tree,US
121470,87North Productions,US
78984,Entertainment 360,US
8151,Fuqua Films,US
34,Sony Pictures,US
77152,Gloria Sanchez Productions,US
182915,Two Grown Men,US
122308,Rear Window,KR
7819,Lotte Entertainment,KR
103747,Warner Bros. Korea,KR
196805,SHOTCAKE,KR
154462,Witchcraft Motion Picture Company,US
168295,Studio507,US
202232,JaiD7 Pictures,US
41735,Buffalo 8,US
123740,Good Wizard,US
179983,Short Porch Pictures,US
88934,Monkeypaw Productions,US
219288,Minor Realm,US
53152,Creative Wealth Media Finance,CA
100183,S'YA Concept,SG
